{"cameraMode":{"drawMode":0,"name":"Shaded","section":"Shading Mode"},"sceneLighting":true,"audioPlay":false,"sceneViewState":{"showFog":true,"showMaterialUpdate":false,"showSkybox":true,"showFlares":true,"showImageEffects":true,"showParticleSystems":true,"showVisualEffectGraphs":true,"m_FxEnabled":true},"in2DMode":false,"pivot":{"x":-1.1699142456054688,"y":5.7583112716674809,"z":6.859101295471191},"rotation":{"x":0.009994255378842354,"y":-0.7572285532951355,"z":0.011596878990530968,"w":0.6529774069786072},"size":13.24980640411377,"orthographic":false}