{"cameraMode":{"drawMode":0,"name":"Shaded","section":"Shading Mode"},"sceneLighting":true,"audioPlay":false,"sceneViewState":{"showFog":true,"showMaterialUpdate":false,"showSkybox":true,"showFlares":true,"showImageEffects":true,"showParticleSystems":true,"showVisualEffectGraphs":true,"m_FxEnabled":true},"in2DMode":false,"pivot":{"x":0.20384931564331056,"y":3.9387636184692385,"z":-0.22684097290039063},"rotation":{"x":0.014841011725366116,"y":0.9473094940185547,"z":-0.31688523292541506,"w":0.04436716064810753},"size":6.778368949890137,"orthographic":false}